{
  "per_model": {
    "XGBoost": {
      "tol_f1": 0.5862250576635908,
      "std_f1": 0.5282451340799634,
      "w_f1": 0.975834291471307
    },
    "LightGBM": {
      "tol_f1": 0.5567598341748434,
      "std_f1": 0.49437426662995915,
      "w_f1": 0.9820411524736142
    },
    "CatBoost": {
      "tol_f1": 0.4800224160911183,
      "std_f1": 0.46114539327482396,
      "w_f1": 0.9615457182967799
    },
    "V3混合 (LSTM+Transformer)": {
      "tol_f1": 0.03732872999629756,
      "std_f1": 0.03684678333220509,
      "w_f1": 0.0009870058000499334
    },
    "LSTM-Only": {
      "tol_f1": 0.2825799333785629,
      "std_f1": 0.28224071735089623,
      "w_f1": 0.8310429315175725
    },
    "Transformer-Only": {
      "tol_f1": 0.3509180718002679,
      "std_f1": 0.3411507398125528,
      "w_f1": 0.8842606899292793
    }
  },
  "ml_only": {
    "tol_f1": 0.5443786605551312,
    "std_f1": 0.48559880442904696,
    "w_f1": 0.9793364623130956
  },
  "dl_hybrid": {
    "tol_f1": 0.03732872999629756,
    "std_f1": 0.03684678333220509,
    "w_f1": 0.0009870058000499334
  },
  "full_hybrid": {
    "tol_f1": 0.5443786605551312,
    "std_f1": 0.48559880442904696,
    "w_f1": 0.9793364623130956,
    "dp_tol_f1": 0.7557132645767385
  },
  "v4": null,
  "val_scores": {
    "xgb": 0.6194117985943082,
    "lgb": 0.6935224669146043,
    "cat": 0.46414269365218697,
    "hybrid_v3": 0.029949954236694862,
    "lstm_only": 0.28009069746796733,
    "transformer_only": 0.33580332023280285
  },
  "final_weights": {
    "lgb": 0.5,
    "xgb": 0.5
  },
  "kfold_weights": {
    "xgb": 0.1,
    "lgb": 0.4,
    "cat": 0.5
  },
  "test_wells": [
    "BX357C",
    "Z80-X10",
    "B16-X1",
    "B64-X79",
    "B16-X21",
    "B64-X55",
    "B16-X7",
    "B16-X36",
    "B64-X26",
    "Z80-X6"
  ],
  "test_rows": 1426
}