{
  "hyperparams": {
    "cw_positive": 128,
    "hard_neg_window": 125,
    "neg_sample_ratio": 0.6377637070028385,
    "tree_lr": 0.0874479618932312,
    "tree_depth": 19,
    "xgb_subsample": 0.7888859700647797,
    "xgb_colsample": 0.6478376983753207,
    "xgb_min_child": 8,
    "xgb_gamma": 3.803925243084487,
    "xgb_reg_lambda": 1.326033192269655,
    "xgb_reg_alpha": 3.854835899772805,
    "lgb_num_leaves": 44,
    "lgb_subsample": 0.8090931317527976,
    "lgb_colsample": 0.7710164073434198,
    "lgb_min_child_samples": 12,
    "lgb_reg_lambda": 1.0789142699330445,
    "lgb_reg_alpha": 0.3142918568673425,
    "cat_depth": 11,
    "cat_l2_leaf": 2.0623196560647115,
    "cat_subsample": 0.8034282764658811,
    "cat_border_count": 235
  },
  "best_ensemble_f1": 0.7395201282454641,
  "trial_number": 4
}