{
  "per_model": {
    "XGBoost": {
      "tol_f1": 0.5692822102601593,
      "std_f1": 0.4914668674403708,
      "w_f1": 0.973543298438348
    },
    "LightGBM": {
      "tol_f1": 0.5449177289116856,
      "std_f1": 0.4838479508404855,
      "w_f1": 0.9817458841485238
    },
    "CatBoost": {
      "tol_f1": 0.4597600438351632,
      "std_f1": 0.44109579867712956,
      "w_f1": 0.9571907923339058
    },
    "V3混合 (LSTM+Transformer)": {
      "tol_f1": 0.24778917580474,
      "std_f1": 0.24778917580474,
      "w_f1": 0.9737801831765518
    },
    "LSTM-Only": {
      "tol_f1": 0.49120846876128565,
      "std_f1": 0.4224632482897719,
      "w_f1": 0.9628606452627766
    },
    "Transformer-Only": {
      "tol_f1": 0.531491336705962,
      "std_f1": 0.47884080095075476,
      "w_f1": 0.9647793094858662
    }
  },
  "ml_only": {
    "tol_f1": 0.5412729971757619,
    "std_f1": 0.4820433436532508,
    "w_f1": 0.9795879585787488
  },
  "dl_hybrid": {
    "tol_f1": 0.24778917580474,
    "std_f1": 0.24778917580474,
    "w_f1": 0.9737801831765518
  },
  "full_hybrid": {
    "tol_f1": 0.5301477608758123,
    "std_f1": 0.4436046019198193,
    "w_f1": 0.9760543266417101,
    "dp_tol_f1": 0.7119431390331711
  },
  "val_scores": {
    "xgb": 0.556819257574881,
    "lgb": 0.778926495221204,
    "cat": 0.4147976445226229,
    "hybrid_v3": 0.24802494802494804,
    "lstm_only": 0.44259040284686724,
    "transformer_only": 0.5543200851299444
  },
  "final_weights": {
    "xgb": 0.2741378252611877,
    "lgb": 0.4535678966252234,
    "transformer_only": 0.272294278113589
  },
  "test_wells": [
    "BX357C",
    "Z80-X10",
    "B16-X1",
    "B64-X79",
    "B16-X21",
    "B64-X55",
    "B16-X7",
    "B16-X36",
    "B64-X26",
    "Z80-X6"
  ],
  "test_rows": 1426
}