{
  "per_model": {
    "XGBoost": {
      "tol_f1": 0.5992523538238848,
      "std_f1": 0.5234832293180588,
      "w_f1": 0.9757007177051946
    },
    "LightGBM": {
      "tol_f1": 0.5174821824477699,
      "std_f1": 0.46139888298182835,
      "w_f1": 0.9797229403825977
    },
    "CatBoost": {
      "tol_f1": 0.5080825653160906,
      "std_f1": 0.4810734648762818,
      "w_f1": 0.9695002905598881
    },
    "V3混合 (LSTM+Transformer)": {
      "tol_f1": 0.3040024462552047,
      "std_f1": 0.30284183101935036,
      "w_f1": 0.8790670909294184
    },
    "LSTM-Only": {
      "tol_f1": 0.3996679882825424,
      "std_f1": 0.3873181222546183,
      "w_f1": 0.9325964662459222
    },
    "Transformer-Only": {
      "tol_f1": 0.5412012489962689,
      "std_f1": 0.5011247326434384,
      "w_f1": 0.9693111114147076
    }
  },
  "ml_only": {
    "tol_f1": 0.5484916973453252,
    "std_f1": 0.500304114490161,
    "w_f1": 0.9786705873792864
  },
  "dl_hybrid": {
    "tol_f1": 0.3040024462552047,
    "std_f1": 0.30284183101935036,
    "w_f1": 0.8790670909294184
  },
  "full_hybrid": {
    "tol_f1": 0.5440593321407274,
    "std_f1": 0.48450228560404124,
    "w_f1": 0.9768138308630865,
    "dp_tol_f1": 0.7091059940774022
  },
  "val_scores": {
    "xgb": 0.6306033874712582,
    "lgb": 0.5297462406015038,
    "cat": 0.4633828318435144,
    "hybrid_v3": 0.39332471060154534,
    "lstm_only": 0.3992261258472294,
    "transformer_only": 0.5400865563865866
  },
  "final_weights": {
    "xgb": 0.2387318912328601,
    "lgb": 0.1838136735378852,
    "cat": 0.15037855192543015,
    "hybrid_v3": 0.11759878566039109,
    "lstm_only": 0.12025535396037987,
    "transformer_only": 0.1892217436830536
  },
  "test_wells": [
    "BX357C",
    "Z80-X10",
    "B16-X1",
    "B64-X79",
    "B16-X21",
    "B64-X55",
    "B16-X7",
    "B16-X36",
    "B64-X26",
    "Z80-X6"
  ],
  "test_rows": 1426
}