{
  "per_model": {
    "XGBoost": {
      "tol_f1": 0.6096729357598922,
      "std_f1": 0.5315956957671895,
      "w_f1": 0.9739155532512715
    },
    "LightGBM": {
      "tol_f1": 0.508996371696194,
      "std_f1": 0.48104097402498824,
      "w_f1": 0.9816723208605506
    },
    "CatBoost": {
      "tol_f1": 0.49288312374449905,
      "std_f1": 0.46543886994404354,
      "w_f1": 0.9559567242208669
    },
    "V3混合 (LSTM+Transformer)": {
      "tol_f1": 0.2644465902278109,
      "std_f1": 0.2636403915051148,
      "w_f1": 0.7544262384568755
    },
    "LSTM-Only": {
      "tol_f1": 0.24870185874205764,
      "std_f1": 0.24819450750773725,
      "w_f1": 0.7088390724483121
    },
    "Transformer-Only": {
      "tol_f1": 0.2728589378935338,
      "std_f1": 0.27251744193841604,
      "w_f1": 0.7857075679267479
    }
  },
  "ml_only": {
    "tol_f1": 0.5677669762431738,
    "std_f1": 0.5172852837725104,
    "w_f1": 0.9816227549487291
  },
  "dl_hybrid": {
    "tol_f1": 0.2644465902278109,
    "std_f1": 0.2636403915051148,
    "w_f1": 0.7544262384568755
  },
  "full_hybrid": {
    "tol_f1": 0.5677669762431738,
    "std_f1": 0.5172852837725104,
    "w_f1": 0.9816227549487291,
    "dp_tol_f1": 0.7989285714285714
  },
  "v4": {
    "tol_f1": 0.7989285714285714
  },
  "val_scores": {
    "xgb": 0.6597268858013744,
    "lgb": 0.7542247075574213,
    "cat": 0.5171533543172642,
    "hybrid_v3": 0.30476910979967753,
    "lstm_only": 0.29730948913198185,
    "transformer_only": 0.3021782682392762
  },
  "final_weights": {
    "lgb": 0.5665352460294605,
    "xgb": 0.4334647539705395
  },
  "kfold_weights": {
    "xgb": 0.30000000000000004,
    "lgb": 0.4,
    "cat": 0.3
  },
  "test_wells": [
    "BX357C",
    "Z80-X10",
    "B16-X1",
    "B64-X79",
    "B16-X21",
    "B64-X55",
    "B16-X7",
    "B16-X36",
    "B64-X26",
    "Z80-X6"
  ],
  "test_rows": 1426
}